{"cameraMode":{"drawMode":0,"name":"Shaded","section":"Shading Mode"},"sceneLighting":true,"audioPlay":false,"sceneViewState":{"m_AlwaysRefresh":false,"showFog":true,"showSkybox":false,"showFlares":true,"showImageEffects":true,"showParticleSystems":true,"showVisualEffectGraphs":true,"m_FxEnabled":true},"in2DMode":false,"pivot":{"x":4.508420944213867,"y":1.0210199356079102,"z":18.675317764282228},"rotation":{"x":0.10718730092048645,"y":0.0229702889919281,"z":-0.0023905234411358835,"w":0.9940734505653381},"size":12.669951438903809,"orthographic":false}